nameWithOwner,Url,Estrelas,Idade (anos),NÃºmero de releases,CBO Median,DIT Max,LCOM Median,LOC Total
PhilJay/MPAndroidChart,https://github.com/PhilJay/MPAndroidChart.git,36226.0,8.89,44.0,5.0,6,1.0,21111
googleapis/google-api-java-client-services,https://github.com/googleapis/google-api-java-client-services.git,477.0,4.53,0.0,4.0,47,22.0,6300462
ben-manes/concurrentlinkedhashmap,https://github.com/ben-manes/concurrentlinkedhashmap.git,437.0,8.01,0.0,2.0,20,0.0,12410
zxh0/classpy,https://github.com/zxh0/classpy.git,1041.0,8.59,7.0,3.0,20,0.0,6495
MagnusS/Java-BloomFilter,https://github.com/MagnusS/Java-BloomFilter.git,469.0,11.47,0.0,4.0,1,160.0,514
rongcloud/server-sdk-java,https://github.com/rongcloud/server-sdk-java.git,247.0,8.34,0.0,4.0,4,0.0,13358
alibaba/java-dns-cache-manipulator,https://github.com/alibaba/java-dns-cache-manipulator.git,758.0,7.97,22.0,5.0,4,1.0,1192
Evernote/evernote-sdk-java,https://github.com/Evernote/evernote-sdk-java.git,257.0,10.91,0.0,8.0,4,6.0,89106
microsoft/vscode-remote-try-java,https://github.com/microsoft/vscode-remote-try-java.git,205.0,3.91,0.0,0.5,1,1.5,15
kousen/java_8_recipes,https://github.com/kousen/java_8_recipes.git,347.0,7.01,0.0,1.0,5,0.0,4027
amazon-ion/ion-java,https://github.com/amazon-ion/ion-java.git,848.0,7.43,30.0,3.0,15,0.0,79413
maxmind/GeoIP2-java,https://github.com/maxmind/GeoIP2-java.git,682.0,9.95,43.0,6.0,4,1.0,2197
Grt1228/chatgpt-java,https://github.com/Grt1228/chatgpt-java.git,467.0,0.09,0.0,2.0,4,0.0,1901
jsonld-java/jsonld-java,https://github.com/jsonld-java/jsonld-java.git,366.0,11.25,0.0,1.0,22,0.0,7907
ua-parser/uap-java,https://github.com/ua-parser/uap-java.git,334.0,8.35,1.0,2.0,2,1.0,939
jython/jython,https://github.com/jython/jython.git,805.0,2.64,0.0,4.0,50,1.0,296356
SQiShER/java-object-diff,https://github.com/SQiShER/java-object-diff.git,867.0,10.9,14.0,2.0,5,0.0,5935
guardianproject/android-ffmpeg-java,https://github.com/guardianproject/android-ffmpeg-java.git,552.0,10.51,0.0,1.0,3,0.0,1764
steveonjava/JavaFX-Spring,https://github.com/steveonjava/JavaFX-Spring.git,142.0,10.55,0.0,6.0,2,0.0,627
waylau/netty-4-user-guide-demos,https://github.com/waylau/netty-4-user-guide-demos.git,1654.0,8.09,1.0,4.0,4,0.0,4374
vidstige/jadb,https://github.com/vidstige/jadb.git,555.0,9.64,6.0,2.0,4,1.0,2380
bobcarroll/jira-client,https://github.com/bobcarroll/jira-client.git,460.0,9.8,0.0,7.0,3,11.0,5819
matthiaskaiser/jmet,https://github.com/matthiaskaiser/jmet.git,453.0,6.65,1.0,1.0,3,1.0,900
optimaize/language-detector,https://github.com/optimaize/language-detector.git,535.0,9.04,2.0,3.0,2,1.0,3051
nviennot/jd-core-java,https://github.com/nviennot/jd-core-java.git,252.0,10.4,0.0,1.0,3,0.5,365
helloworldcoin/helloworldcoin-java,https://github.com/helloworldcoin/helloworldcoin-java.git,623.0,3.44,0.0,1.0,5,0.0,7999
daimajia/java-multithread-downloader,https://github.com/daimajia/java-multithread-downloader.git,260.0,9.77,0.0,2.0,3,2.5,845
alexlorenlee/JavaTutorialCode,https://github.com/alexlorenlee/JavaTutorialCode.git,115.0,3.95,0.0,0.0,1,0.0,973
spotify/apollo,https://github.com/spotify/apollo.git,1648.0,7.36,56.0,4.0,6,0.0,10914
openzipkin/brave,https://github.com/openzipkin/brave.git,2255.0,9.94,80.0,4.5,14,0.0,59654
javatuples/javatuples,https://github.com/javatuples/javatuples.git,439.0,10.84,0.0,1.0,2,0.0,3503
ff4j/ff4j,https://github.com/ff4j/ff4j.git,1165.0,9.73,15.0,5.0,9,1.0,35430
Glank/Java-Games,https://github.com/Glank/Java-Games.git,214.0,10.65,0.0,2.0,7,0.0,4045
pH-7/Simple-Java-Calculator,https://github.com/pH-7/Simple-Java-Calculator.git,188.0,10.87,2.0,1.0,1,0.0,422
leosanqing/Java-Notes,https://github.com/leosanqing/Java-Notes.git,646.0,3.99,0.0,2.0,6,1.0,7811
palatable/lambda,https://github.com/palatable/lambda.git,830.0,9.13,0.0,6.0,9,1.0,20679
isee15/captcha-ocr,https://github.com/isee15/captcha-ocr.git,138.0,7.66,0.0,2.0,5,0.0,2832
apache/cassandra,https://github.com/apache/cassandra.git,7863.0,13.82,0.0,4.0,63,1.0,492038
square/wire,https://github.com/square/wire.git,3978.0,9.57,0.0,6.0,5,1.0,46032
jaegertracing/jaeger-client-java,https://github.com/jaegertracing/jaeger-client-java.git,485.0,6.9,34.0,4.0,6,0.0,10274
TarsCloud/TarsJava,https://github.com/TarsCloud/TarsJava.git,379.0,4.51,7.0,3.0,20,1.0,27586
tianshb/JavaLearning,https://github.com/tianshb/JavaLearning.git,160.0,6.09,0.0,1.0,1,0.0,490
joestelmach/natty,https://github.com/joestelmach/natty.git,510.0,13.15,0.0,4.0,2,3.0,3495
PanagiotisDrakatos/JavaRansomware,https://github.com/PanagiotisDrakatos/JavaRansomware.git,103.0,6.24,0.0,2.5,3,1.0,1307
fommil/netlib-java,https://github.com/fommil/netlib-java.git,655.0,10.15,0.0,4.5,4,0.0,873
Lemonreds/javaee-blog,https://github.com/Lemonreds/javaee-blog.git,410.0,5.46,0.0,5.0,3,1.0,1976
OWASP/java-html-sanitizer,https://github.com/OWASP/java-html-sanitizer.git,758.0,7.89,6.0,2.0,3,0.0,13450
paypal/SeLion,https://github.com/paypal/SeLion.git,266.0,8.59,5.0,5.0,8,1.0,32419
dapr/java-sdk,https://github.com/dapr/java-sdk.git,223.0,3.43,13.0,3.0,6,0.0,20886
appsecco/dvja,https://github.com/appsecco/dvja.git,102.0,4.38,0.0,3.0,3,3.0,772
RuedigerMoeller/fast-serialization,https://github.com/RuedigerMoeller/fast-serialization.git,1510.0,9.27,67.0,3.0,13,0.0,24546
aws-samples/aws-java-sample,https://github.com/aws-samples/aws-java-sample.git,218.0,9.51,0.0,9.0,1,3.0,70
naveenanimation20/SeleniumJavaCourse,https://github.com/naveenanimation20/SeleniumJavaCourse.git,185.0,5.48,0.0,2.0,3,0.0,1468
cami-la/exceptions-java,https://github.com/cami-la/exceptions-java.git,584.0,1.47,0.0,1.0,3,0.5,137
72wukong/72crm-9.0-JAVA,https://github.com/72wukong/72crm-9.0-JAVA.git,642.0,3.85,9.0,4.0,4,3.0,23463
brettwooldridge/HikariCP,https://github.com/brettwooldridge/HikariCP.git,17960.0,9.43,0.0,3.0,5,0.0,10640
VictorAlbertos/RxCache,https://github.com/VictorAlbertos/RxCache.git,2385.0,7.18,44.0,2.0,20,0.0,7109
udacity/ud867,https://github.com/udacity/ud867.git,670.0,8.0,0.0,0.0,3,245350.0,142812
streaming-with-flink/examples-java,https://github.com/streaming-with-flink/examples-java.git,283.0,6.31,0.0,4.5,4,0.0,439
caelum/vraptor,https://github.com/caelum/vraptor.git,384.0,13.99,4.0,3.0,5,0.0,25949
HuobiRDCenter/huobi_Java,https://github.com/HuobiRDCenter/huobi_Java.git,263.0,4.03,17.0,5.0,4,0.0,6193
kostaskougios/cloning,https://github.com/kostaskougios/cloning.git,555.0,8.01,0.0,1.0,7,0.0,2378
google/j2cl,https://github.com/google/j2cl.git,1034.0,5.74,0.0,2.0,33,0.0,210887
apache/camel,https://github.com/apache/camel.git,4768.0,13.82,0.0,3.0,444,0.0,1576188
apache/storm,https://github.com/apache/storm.git,6434.0,9.36,0.0,3.0,30,1.0,376893
apache/wicket,https://github.com/apache/wicket.git,669.0,13.82,0.0,3.0,29,0.0,171725
allure-framework/allure-java,https://github.com/allure-framework/allure-java.git,290.0,6.11,42.0,3.0,4,1.0,17151
bwaldvogel/liblinear-java,https://github.com/bwaldvogel/liblinear-java.git,307.0,14.4,0.0,4.0,3,0.0,4961
cloudevents/sdk-java,https://github.com/cloudevents/sdk-java.git,316.0,4.48,20.0,6.0,4,1.0,9948
kstyrc/embedded-redis,https://github.com/kstyrc/embedded-redis.git,797.0,9.59,0.0,2.5,4,0.5,1257
zerodha/javakiteconnect,https://github.com/zerodha/javakiteconnect.git,151.0,6.42,19.0,1.0,3,0.0,3056
crmeb/crmeb_java,https://github.com/crmeb/crmeb_java.git,413.0,2.59,0.0,6.0,4,0.0,34422
microsoft/playwright-java,https://github.com/microsoft/playwright-java.git,696.0,2.47,43.0,2.0,6,1.0,36183
aws-samples/amazon-ecs-java-microservices,https://github.com/aws-samples/amazon-ecs-java-microservices.git,339.0,5.77,0.0,4.0,3,0.0,652
ChrisMayfield/ThinkJavaCode2,https://github.com/ChrisMayfield/ThinkJavaCode2.git,124.0,5.61,1.0,1.0,4,0.0,2322
vitaly-chibrikov/stepic_java_webserver,https://github.com/vitaly-chibrikov/stepic_java_webserver.git,176.0,7.68,0.0,2.0,3,0.0,989
helun/Ektorp,https://github.com/helun/Ektorp.git,300.0,12.07,0.0,3.0,11,1.0,16538
Itiviti/simple-slack-api,https://github.com/Itiviti/simple-slack-api.git,471.0,8.44,12.0,3.0,3,0.0,6566
TencentCloud/tencentcloud-sdk-java,https://github.com/TencentCloud/tencentcloud-sdk-java.git,454.0,4.91,0.0,4.0,5,0.0,1592721
lindenb/jvarkit,https://github.com/lindenb/jvarkit.git,406.0,9.86,6.0,3.0,63,1.0,232100
starcwang/easy_javadoc,https://github.com/starcwang/easy_javadoc.git,1697.0,3.56,0.0,3.0,2,1.0,4609
fynnfluegge/oreon-engine,https://github.com/fynnfluegge/oreon-engine.git,578.0,7.24,0.0,5.0,8,0.0,15697
jbox2d/jbox2d,https://github.com/jbox2d/jbox2d.git,1014.0,9.19,0.0,3.0,8,0.0,54841
medcl/elasticsearch-analysis-ik,https://github.com/medcl/elasticsearch-analysis-ik.git,14874.0,11.25,184.0,4.5,2,1.0,2051
fossasia/pslab-android,https://github.com/fossasia/pslab-android.git,2026.0,5.97,21.0,2.0,6,0.0,35924
cloudfoundry/cf-java-client,https://github.com/cloudfoundry/cf-java-client.git,318.0,11.48,110.0,3.0,7,1.0,38935
YunaBraska/nats-server-embedded,https://github.com/YunaBraska/nats-server-embedded.git,246.0,2.14,102.0,5.0,4,0.0,293
PingPlusPlus/pingpp-java,https://github.com/PingPlusPlus/pingpp-java.git,240.0,8.46,0.0,4.0,4,3.0,9456
a-schild/jave2,https://github.com/a-schild/jave2.git,971.0,10.03,24.0,2.5,4,1.0,4637
308tube/com.youtube.rest,https://github.com/308tube/com.youtube.rest.git,184.0,10.15,0.0,4.0,2,0.0,572
harrywfl/JavaGuide,https://github.com/harrywfl/JavaGuide.git,188.0,3.83,0.0,2.0,2,4.5,393
snazy/ohc,https://github.com/snazy/ohc.git,925.0,8.32,0.0,3.0,3,0.0,12839
smartdevicelink/sdl_java_suite,https://github.com/smartdevicelink/sdl_java_suite.git,186.0,8.46,60.0,3.0,8,0.0,102084
NoCortY/WebSSH,https://github.com/NoCortY/WebSSH.git,799.0,3.02,0.0,2.0,1,0.0,259
Kurento/kurento-tutorial-java,https://github.com/Kurento/kurento-tutorial-java.git,359.0,8.61,0.0,3.0,2,0.0,6082
taskadapter/redmine-java-api,https://github.com/taskadapter/redmine-java-api.git,260.0,10.93,2.0,4.0,5,0.0,8103
longfeizheng/blockchain-java,https://github.com/longfeizheng/blockchain-java.git,391.0,5.02,0.0,3.0,1,0.0,480
googleads/googleads-java-lib,https://github.com/googleads/googleads-java-lib.git,221.0,9.34,91.0,5.0,5,3.0,850128
konsoletyper/teavm,https://github.com/konsoletyper/teavm.git,2189.0,9.47,11.0,3.0,48,1.0,268584
mabe02/lanterna,https://github.com/mabe02/lanterna.git,1987.0,7.71,0.0,4.0,25,0.0,31231
webx/citrus,https://github.com/webx/citrus.git,758.0,11.4,0.0,3.0,38,0.0,142225
greenrobot/essentials,https://github.com/greenrobot/essentials.git,1354.0,8.36,1.0,2.0,7,0.0,5496
binarywang/java-testdata-generator,https://github.com/binarywang/java-testdata-generator.git,526.0,7.15,0.0,2.0,2,0.0,1336
nats-io/nats.java,https://github.com/nats-io/nats.java.git,463.0,7.39,67.0,4.0,9,1.0,46644
javaee-samples/javaee7-hol,https://github.com/javaee-samples/javaee7-hol.git,136.0,9.52,0.0,11.0,2,9.0,1178
jnr/jnr-ffi,https://github.com/jnr/jnr-ffi.git,1088.0,12.11,0.0,3.0,230,1.0,31376
michaelliao/cryptocurrency,https://github.com/michaelliao/cryptocurrency.git,835.0,6.41,0.0,3.0,6,1.0,4511
pedrovgs/Algorithms,https://github.com/pedrovgs/Algorithms.git,2763.0,8.35,0.0,3.0,9,0.0,5982
tozny/java-aes-crypto,https://github.com/tozny/java-aes-crypto.git,729.0,8.33,2.0,3.5,6,0.5,840
jhipster/prettier-java,https://github.com/jhipster/prettier-java.git,917.0,5.19,23.0,1.0,11,0.0,2660
usnistgov/jsip,https://github.com/usnistgov/jsip.git,250.0,6.88,0.0,3.0,8,1.0,106859
oktadev/java-microservices-examples,https://github.com/oktadev/java-microservices-examples.git,465.0,3.83,0.0,6.0,4,0.0,14808
facebook/facebook-java-business-sdk,https://github.com/facebook/facebook-java-business-sdk.git,342.0,7.29,7.0,4.0,119,0.0,555876
dingjs/javaagent,https://github.com/dingjs/javaagent.git,358.0,7.49,2.0,4.0,19,1.0,35344
jcip/jcip.github.com,https://github.com/jcip/jcip.github.com.git,371.0,10.12,0.0,1.0,4,0.0,4717
fantj2016/java-reader,https://github.com/fantj2016/java-reader.git,596.0,3.91,2.0,1.0,1,0.0,134
karussell/snacktory,https://github.com/karussell/snacktory.git,459.0,11.68,0.0,2.5,2,3.0,2298
techops-recsys-lateral-hiring/developer-joyofenergy-java,https://github.com/techops-recsys-lateral-hiring/developer-joyofenergy-java.git,114.0,2.47,0.0,3.0,1,0.0,455
DozerMapper/dozer,https://github.com/DozerMapper/dozer.git,2013.0,11.14,9.0,2.0,18,0.0,34226
com-lihaoyi/mill,https://github.com/com-lihaoyi/mill.git,1848.0,5.41,87.0,2.0,3,0.0,1411
Esri/geometry-api-java,https://github.com/Esri/geometry-api-java.git,664.0,10.16,12.0,5.0,7,1.0,70391
vorburger/MariaDB4j,https://github.com/vorburger/MariaDB4j.git,734.0,11.11,11.0,5.0,4,0.0,2233
IanDarwin/javasrc,https://github.com/IanDarwin/javasrc.git,224.0,9.43,0.0,1.0,14,0.0,44063
timols/java-gitlab-api,https://github.com/timols/java-gitlab-api.git,378.0,9.82,0.0,2.0,4,9.0,6444
signalapp/libsignal-service-java,https://github.com/signalapp/libsignal-service-java.git,565.0,8.04,0.0,2.0,5,0.0,10300
eviltester/javaForTestersCode,https://github.com/eviltester/javaForTestersCode.git,111.0,8.84,0.0,1.0,3,1.0,4219
brianway/webporter,https://github.com/brianway/webporter.git,2708.0,6.31,1.0,3.0,3,1.0,940
shack2/javaserializetools,https://github.com/shack2/javaserializetools.git,378.0,4.5,5.0,1.0,6,0.0,1874
THEONE10211024/RxJavaSamples,https://github.com/THEONE10211024/RxJavaSamples.git,1104.0,7.23,0.0,2.0,4,0.0,2390
jdereg/json-io,https://github.com/jdereg/json-io.git,303.0,9.53,0.0,2.0,4,0.0,6464
aws-samples/kubernetes-for-java-developers,https://github.com/aws-samples/kubernetes-for-java-developers.git,561.0,4.82,0.0,2.0,1,0.0,10
woorea/openstack-java-sdk,https://github.com/woorea/openstack-java-sdk.git,193.0,11.09,0.0,2.0,45,0.0,13913
aterai/java-swing-tips,https://github.com/aterai/java-swing-tips.git,436.0,8.51,0.0,1.0,12,0.0,40889
DataDog/dd-trace-java,https://github.com/DataDog/dd-trace-java.git,416.0,5.89,174.0,4.0,14,1.0,159170
oblac/jodd,https://github.com/oblac/jodd.git,3962.0,10.52,37.0,3.0,24,0.0,26882
OGRECave/ogre,https://github.com/OGRECave/ogre.git,3198.0,7.29,62.0,1.0,2,0.0,488
leetcoders/LeetCode-Java,https://github.com/leetcoders/LeetCode-Java.git,259.0,8.26,0.0,1.0,1,0.0,139
googleapis/google-oauth-java-client,https://github.com/googleapis/google-oauth-java-client.git,580.0,8.38,30.0,3.0,4,1.0,5654
microsoft/ApplicationInsights-Java,https://github.com/microsoft/ApplicationInsights-Java.git,252.0,8.28,93.0,2.0,29,0.0,46830
lemire/JavaFastPFOR,https://github.com/lemire/JavaFastPFOR.git,495.0,10.69,0.0,5.0,4,6.0,25793
raphw/byte-buddy,https://github.com/raphw/byte-buddy.git,5470.0,9.3,265.0,4.0,43,0.0,273951
jiang111/RxJavaApp,https://github.com/jiang111/RxJavaApp.git,1050.0,7.01,5.0,2.5,6,0.0,4648
restlet/restlet-framework-java,https://github.com/restlet/restlet-framework-java.git,636.0,11.24,0.0,4.0,19,1.0,123289
scream3r/java-simple-serial-connector,https://github.com/scream3r/java-simple-serial-connector.git,581.0,10.01,1.0,2.0,4,0.0,1392
georgewfraser/java-language-server,https://github.com/georgewfraser/java-language-server.git,486.0,7.01,0.0,2.0,22,0.0,135636
rampatra/jbot,https://github.com/rampatra/jbot.git,1190.0,6.78,9.0,4.0,3,10.0,4526
kwhat/jnativehook,https://github.com/kwhat/jnativehook.git,1496.0,9.46,25.0,2.0,6,1.0,2806
TakahikoKawasaki/nv-websocket-client,https://github.com/TakahikoKawasaki/nv-websocket-client.git,1956.0,7.97,0.0,3.0,4,3.0,6532
lkuza2/java-speech-api,https://github.com/lkuza2/java-speech-api.git,512.0,11.18,7.0,2.0,4,6.0,1640
aerospike/aerospike-client-java,https://github.com/aerospike/aerospike-client-java.git,219.0,9.11,0.0,5.0,64,0.0,44879
googlearchive/tango-examples-java,https://github.com/googlearchive/tango-examples-java.git,495.0,8.64,15.0,2.0,4,0.0,10328
uptop/JavaWebSocket,https://github.com/uptop/JavaWebSocket.git,264.0,5.76,0.0,4.5,1,4.5,65
protostuff/protostuff,https://github.com/protostuff/protostuff.git,1913.0,9.15,17.0,4.0,48,1.0,63575
xiaowei1118/java_server,https://github.com/xiaowei1118/java_server.git,351.0,7.66,0.0,1.0,2,6.0,7252
dawei101/shadowsocks-android-java,https://github.com/dawei101/shadowsocks-android-java.git,581.0,6.63,4.0,3.0,2,1.0,3517
braisdom/ObjectiveSql,https://github.com/braisdom/ObjectiveSql.git,1209.0,2.68,0.0,3.0,5,0.0,15978
RefactoringGuru/design-patterns-java,https://github.com/RefactoringGuru/design-patterns-java.git,665.0,5.5,0.0,2.0,6,0.0,4078
LMAX-Exchange/disruptor,https://github.com/LMAX-Exchange/disruptor.git,15827.0,10.48,13.0,3.0,8,0.0,13150
apssouza22/java-microservice,https://github.com/apssouza22/java-microservice.git,309.0,5.95,0.0,4.0,4,0.0,1827
dschadow/JavaSecurity,https://github.com/dschadow/JavaSecurity.git,214.0,9.22,4.0,5.0,2,0.0,1724
afsalashyana/JavaFX-Tutorial-Codes,https://github.com/afsalashyana/JavaFX-Tutorial-Codes.git,103.0,4.49,0.0,3.5,6,1.0,1473
spotify-web-api-java/spotify-web-api-java,https://github.com/spotify-web-api-java/spotify-web-api-java.git,822.0,8.91,68.0,7.0,6,1.0,21328
alexa/alexa-skills-kit-sdk-for-java,https://github.com/alexa/alexa-skills-kit-sdk-for-java.git,801.0,7.68,74.0,6.0,6,1.0,9447
hapifhir/hapi-fhir,https://github.com/hapifhir/hapi-fhir.git,1647.0,8.72,69.0,6.0,31,0.0,438526
nguyenq/tess4j,https://github.com/nguyenq/tess4j.git,1277.0,8.72,56.0,2.0,10,0.0,4703
scala/scala-java8-compat,https://github.com/scala/scala-java8-compat.git,437.0,9.01,28.0,1.0,1,0.0,1091
OpenHFT/Java-Runtime-Compiler,https://github.com/OpenHFT/Java-Runtime-Compiler.git,569.0,9.47,14.0,0.5,3,0.0,799
jeffheaton/encog-java-core,https://github.com/jeffheaton/encog-java-core.git,740.0,11.73,3.0,4.0,6,1.0,63742
Samuel-Oliveira/Java_NFe,https://github.com/Samuel-Oliveira/Java_NFe.git,472.0,6.48,19.0,4.0,4,9.0,153090
spring-guides/gs-maven,https://github.com/spring-guides/gs-maven.git,144.0,9.91,0.0,1.0,1,0.0,30
cincheo/jsweet,https://github.com/cincheo/jsweet.git,1354.0,7.93,19.0,2.0,7,0.0,64644
java-decompiler/jd-core,https://github.com/java-decompiler/jd-core.git,406.0,3.84,10.0,4.0,8,2.0,44137
lemire/javaewah,https://github.com/lemire/javaewah.git,530.0,12.44,1.0,2.0,4,1.0,13334
java-decompiler/jd-eclipse,https://github.com/java-decompiler/jd-eclipse.git,668.0,7.89,2.0,3.0,2,0.0,541
google/truth,https://github.com/google/truth.git,2574.0,11.73,26.0,5.0,16,0.0,28250
hprose/hprose-java,https://github.com/hprose/hprose-java.git,555.0,9.04,43.0,3.0,4,0.0,18959
cbeust/jcommander,https://github.com/cbeust/jcommander.git,1822.0,12.67,0.0,2.0,5,0.0,6870
MatrixSeven/JavaAOP,https://github.com/MatrixSeven/JavaAOP.git,141.0,7.21,0.0,1.0,1,1.0,140
sofastack/sofa-jraft,https://github.com/sofastack/sofa-jraft.git,3136.0,4.03,26.0,3.0,18,1.0,145440
youxin11544/MVP-RxJava-Hybride,https://github.com/youxin11544/MVP-RxJava-Hybride.git,855.0,6.59,0.0,3.0,3,1.0,4130
anapsix/docker-alpine-java,https://github.com/anapsix/docker-alpine-java.git,719.0,7.69,0.0,0.0,1,0.0,12
redisson/redisson-examples,https://github.com/redisson/redisson-examples.git,303.0,6.33,0.0,2.0,1,0.0,1877
zhouit/Zblog,https://github.com/zhouit/Zblog.git,251.0,8.23,0.0,4.0,4,3.0,5870
yomorun/hashids-java,https://github.com/yomorun/hashids-java.git,956.0,8.91,1.0,3.0,1,89.5,425
mohammedabdulbari/Java-SE,https://github.com/mohammedabdulbari/Java-SE.git,163.0,2.92,0.0,0.0,6,0.0,4715
xpinjection/java8-misuses,https://github.com/xpinjection/java8-misuses.git,242.0,6.54,0.0,2.0,2,0.0,2200
google/error-prone,https://github.com/google/error-prone.git,6364.0,8.56,26.0,4.0,24,0.0,117549
SignalR/java-client,https://github.com/SignalR/java-client.git,323.0,9.17,0.0,2.0,4,0.0,6863
castello/javajungsuk_basic,https://github.com/castello/javajungsuk_basic.git,439.0,3.55,0.0,0.0,3,0.0,4428
waylau/essential-java,https://github.com/waylau/essential-java.git,599.0,7.23,0.0,0.0,3,0.0,1997
wg/scrypt,https://github.com/wg/scrypt.git,423.0,12.15,0.0,4.0,4,1.0,783
bbottema/simple-java-mail,https://github.com/bbottema/simple-java-mail.git,1068.0,7.91,92.0,4.5,6,1.0,14432
jblas-project/jblas,https://github.com/jblas-project/jblas.git,568.0,13.86,0.0,2.0,7,1.0,11403
NASAWorldWind/WorldWindJava,https://github.com/NASAWorldWind/WorldWindJava.git,666.0,7.38,9.0,3.0,30,1.0,290684
paulorievrs/java4noobs,https://github.com/paulorievrs/java4noobs.git,554.0,2.94,0.0,1.0,1,1.5,184
EsotericSoftware/kryo,https://github.com/EsotericSoftware/kryo.git,5753.0,9.36,30.0,3.0,76,1.0,28367
atjiu/pybbs,https://github.com/atjiu/pybbs.git,1591.0,7.93,13.0,5.0,4,1.0,7475
rubenlagus/TelegramBots,https://github.com/rubenlagus/TelegramBots.git,3592.0,7.17,77.0,7.0,5,0.0,17143
guoguibing/librec,https://github.com/guoguibing/librec.git,3158.0,9.18,3.0,6.0,8,1.0,30216
eoinsha/JavaPhoenixChannels,https://github.com/eoinsha/JavaPhoenixChannels.git,204.0,7.87,0.0,1.0,2,0.0,890
ESAPI/esapi-java-legacy,https://github.com/ESAPI/esapi-java-legacy.git,538.0,8.51,10.0,4.0,5,2.0,31832
asLody/legend,https://github.com/asLody/legend.git,1582.0,7.1,0.0,2.0,3,10.0,1520
kennycason/kumo,https://github.com/kennycason/kumo.git,572.0,8.7,0.0,2.0,5,0.0,3568
niumoo/JavaNotes,https://github.com/niumoo/JavaNotes.git,281.0,2.8,0.0,2.0,2,0.0,3521
Baidu-AIP/java-sdk,https://github.com/Baidu-AIP/java-sdk.git,535.0,5.52,0.0,1.0,3,0.0,4369
square/moshi,https://github.com/square/moshi.git,8820.0,8.6,0.0,2.0,9,0.0,11440
ZhuangM/student,https://github.com/ZhuangM/student.git,165.0,6.29,0.0,2.0,7,0.0,1203
pippo-java/pippo,https://github.com/pippo-java/pippo.git,771.0,8.38,0.0,4.5,10,1.0,17279
qos-ch/logback,https://github.com/qos-ch/logback.git,2652.0,13.57,0.0,3.0,6,0.0,52053
Devskiller/jfairy,https://github.com/Devskiller/jfairy.git,715.0,9.43,12.0,2.0,3,0.0,3198
census-instrumentation/opencensus-java,https://github.com/census-instrumentation/opencensus-java.git,670.0,6.63,47.0,6.0,10,0.0,39839
BigPeng/JavaCNN,https://github.com/BigPeng/JavaCNN.git,120.0,8.65,0.0,1.0,2,0.0,1519
jMonkeyEngine/jmonkeyengine,https://github.com/jMonkeyEngine/jmonkeyengine.git,3350.0,8.99,54.0,3.0,10,0.0,193074
forax/java-guide,https://github.com/forax/java-guide.git,511.0,3.21,0.0,2.0,1,3.0,394
GraxCode/JByteMod-Beta,https://github.com/GraxCode/JByteMod-Beta.git,763.0,5.49,30.0,3.0,39,0.0,70674
deathmarine/Luyten,https://github.com/deathmarine/Luyten.git,4678.0,9.68,17.0,1.0,11,0.0,6750
Java-Edge/Java-Concurrency-Progamming-Tutorial,https://github.com/Java-Edge/Java-Concurrency-Progamming-Tutorial.git,1168.0,4.96,0.0,1.0,6,0.0,4704
btraceio/btrace,https://github.com/btraceio/btrace.git,5366.0,8.54,30.0,4.0,9,0.0,39576
h2database/h2database,https://github.com/h2database/h2database.git,3642.0,7.93,18.0,4.0,35,3.0,226904
fan-wenjie/EasyPR-Java,https://github.com/fan-wenjie/EasyPR-Java.git,598.0,8.0,0.0,5.0,1,18.0,1458
oldratlee/fucking-java-concurrency,https://github.com/oldratlee/fucking-java-concurrency.git,931.0,8.75,0.0,0.5,1,0.0,533
dom4j/dom4j,https://github.com/dom4j/dom4j.git,844.0,7.7,13.0,6.0,6,4.0,24123
JamesZBL/java_design_patterns,https://github.com/JamesZBL/java_design_patterns.git,644.0,5.35,0.0,2.0,3,0.0,2543
Ziphtracks/JavaLearningmanual,https://github.com/Ziphtracks/JavaLearningmanual.git,215.0,2.55,0.0,4.0,3,0.0,2222
sadatrafsanjani/JavaFX-Point-of-Sales,https://github.com/sadatrafsanjani/JavaFX-Point-of-Sales.git,186.0,5.77,0.0,7.0,2,8.0,3571
TyCoding/tumo,https://github.com/TyCoding/tumo.git,670.0,4.38,0.0,4.0,4,0.0,1560
asterisk-java/asterisk-java,https://github.com/asterisk-java/asterisk-java.git,366.0,12.22,7.0,2.0,5,1.0,46879
iluwatar/30-seconds-of-java,https://github.com/iluwatar/30-seconds-of-java.git,814.0,5.25,0.0,2.0,2,0.0,1267
cardillo/joinery,https://github.com/cardillo/joinery.git,658.0,8.37,10.0,3.0,14,0.0,6332
martinwojtus/tutorials,https://github.com/martinwojtus/tutorials.git,156.0,3.83,0.0,2.0,4,0.0,4889
mitreid-connect/OpenID-Connect-Java-Spring-Server,https://github.com/mitreid-connect/OpenID-Connect-Java-Spring-Server.git,1429.0,11.37,0.0,4.0,8,0.0,26472
youlookwhat/DesignPattern,https://github.com/youlookwhat/DesignPattern.git,3741.0,6.4,0.0,2.0,2,0.0,2603
saturnism/grpc-by-example-java,https://github.com/saturnism/grpc-by-example-java.git,844.0,6.57,0.0,4.0,3,0.0,1853
spring-guides/gs-gradle,https://github.com/spring-guides/gs-gradle.git,137.0,9.91,0.0,1.0,1,0.0,42
dustin/java-memcached-client,https://github.com/dustin/java-memcached-client.git,495.0,15.04,0.0,3.0,5,1.0,16115
lihengming/java-codes,https://github.com/lihengming/java-codes.git,528.0,5.81,0.0,1.0,13,0.0,2870
openmessaging/openmessaging-java,https://github.com/openmessaging/openmessaging-java.git,716.0,5.97,3.0,2.0,5,1.0,858
shinezejian/javaStructures,https://github.com/shinezejian/javaStructures.git,155.0,6.35,0.0,3.0,4,0.0,5460
jpmml/jpmml-evaluator,https://github.com/jpmml/jpmml-evaluator.git,842.0,9.05,35.0,4.0,12,1.0,26594
ninia/jep,https://github.com/ninia/jep.git,1065.0,12.07,10.0,2.0,6,0.0,4065
msbbigdata/javase,https://github.com/msbbigdata/javase.git,352.0,3.6,0.0,1.0,3,0.0,4728
yusugomori/DeepLearning,https://github.com/yusugomori/DeepLearning.git,2984.0,10.2,0.0,4.0,2,0.0,1083
k33ptoo/School-Management-System-JavaFX,https://github.com/k33ptoo/School-Management-System-JavaFX.git,240.0,4.72,0.0,7.0,2,1.0,173
agoncal/agoncal-application-petstore-ee6,https://github.com/agoncal/agoncal-application-petstore-ee6.git,200.0,11.14,0.0,8.0,4,0.0,1753
Progether/JAdventure,https://github.com/Progether/JAdventure.git,294.0,10.46,1.0,4.0,4,0.0,4276
gousiosg/java-callgraph,https://github.com/gousiosg/java-callgraph.git,657.0,11.8,0.0,3.0,2,0.0,524
google/ExoPlayer,https://github.com/google/ExoPlayer.git,20506.0,8.75,23.0,5.0,31,0.0,240901
LeonardoZ/java-concurrency-patterns,https://github.com/LeonardoZ/java-concurrency-patterns.git,1376.0,5.18,0.0,1.0,5,0.0,1925
HotswapProjects/HotswapAgent,https://github.com/HotswapProjects/HotswapAgent.git,1961.0,9.32,14.0,3.0,19,0.0,67687
dropbox/dropbox-sdk-java,https://github.com/dropbox/dropbox-sdk-java.git,552.0,9.72,37.0,5.0,18,1.0,407148
xerial/snappy-java,https://github.com/xerial/snappy-java.git,939.0,10.52,18.0,2.0,4,1.0,3965
jOOQ/jOOQ,https://github.com/jOOQ/jOOQ.git,5351.0,11.91,0.0,7.0,36,4.0,247857
jzj1993/JavaTcpSocket,https://github.com/jzj1993/JavaTcpSocket.git,201.0,8.06,0.0,1.0,2,0.0,679
PacktPublishing/Java-Coding-Problems,https://github.com/PacktPublishing/Java-Coding-Problems.git,573.0,4.05,0.0,1.0,4,0.0,8047
maxliaops/Java_Web_Examples,https://github.com/maxliaops/Java_Web_Examples.git,570.0,8.89,0.0,2.0,4,3.0,36906
wangzaiplus/springboot,https://github.com/wangzaiplus/springboot.git,339.0,3.81,0.0,3.0,4,0.0,2894
dmpe/JavaFX,https://github.com/dmpe/JavaFX.git,214.0,10.08,0.0,2.0,6,0.0,2119
tranleduy2000/javaide,https://github.com/tranleduy2000/javaide.git,459.0,5.66,18.0,3.0,96,1.0,324938
TNG/ArchUnit,https://github.com/TNG/ArchUnit.git,2605.0,5.9,33.0,2.0,28,0.0,74613
PlexPt/chatgpt-java,https://github.com/PlexPt/chatgpt-java.git,1043.0,0.27,8.0,3.0,4,0.0,385
mattia-battiston/clean-architecture-example,https://github.com/mattia-battiston/clean-architecture-example.git,1459.0,7.01,0.0,4.0,4,0.0,1734
Grover-c13/PokeGOAPI-Java,https://github.com/Grover-c13/PokeGOAPI-Java.git,1056.0,6.66,2.0,3.0,5,0.0,15937
luontola/retrolambda,https://github.com/luontola/retrolambda.git,3542.0,9.65,0.0,1.0,7,0.0,4848
pen4uin/awesome-java-security,https://github.com/pen4uin/awesome-java-security.git,888.0,1.35,0.0,10.0,1,3.0,160
arun-gupta/docker-for-java,https://github.com/arun-gupta/docker-for-java.git,215.0,6.09,0.0,2.0,2,1.5,16
googleworkspace/java-samples,https://github.com/googleworkspace/java-samples.git,270.0,8.87,0.0,6.0,2,0.0,4890
cucumber/cucumber-java-skeleton,https://github.com/cucumber/cucumber-java-skeleton.git,394.0,9.01,0.0,2.0,1,0.0,101
marhan/effective-java-examples,https://github.com/marhan/effective-java-examples.git,567.0,12.05,0.0,1.0,5,0.0,2711
albertlatacz/java-repl,https://github.com/albertlatacz/java-repl.git,1344.0,9.99,74.0,3.0,4,0.0,4851
jpush/jpush-api-java-client,https://github.com/jpush/jpush-api-java-client.git,708.0,9.42,54.0,4.0,3,0.0,9361
stateless4j/stateless4j,https://github.com/stateless4j/stateless4j.git,789.0,8.95,0.0,3.0,2,0.0,2446
bethrobson/Head-First-Java,https://github.com/bethrobson/Head-First-Java.git,489.0,7.66,0.0,1.0,5,0.0,2964
paypal/PayPal-Java-SDK,https://github.com/paypal/PayPal-Java-SDK.git,512.0,10.03,21.0,6.0,5,1.0,10926
igniterealtime/Smack,https://github.com/igniterealtime/Smack.git,2322.0,9.11,0.0,4.0,71,0.0,119963
kivy/pyjnius,https://github.com/kivy/pyjnius.git,1283.0,10.58,12.0,1.0,2,1.0,697
gwhalin/Memcached-Java-Client,https://github.com/gwhalin/Memcached-Java-Client.git,666.0,13.78,0.0,2.5,4,0.5,3324
PebbleTemplates/pebble,https://github.com/PebbleTemplates/pebble.git,1008.0,10.21,60.0,4.0,7,1.0,19319
wmixvideo/nfe,https://github.com/wmixvideo/nfe.git,590.0,9.62,76.0,3.0,3,3.0,150916
joaopsilva/binance-java-api,https://github.com/joaopsilva/binance-java-api.git,191.0,5.4,0.0,3.0,4,0.0,2664
mikemelon/java-exam,https://github.com/mikemelon/java-exam.git,590.0,6.34,0.0,8.0,2,3.0,5385
GoogleCloudPlatform/getting-started-java,https://github.com/GoogleCloudPlatform/getting-started-java.git,473.0,7.34,0.0,7.0,2,1.0,2088
czwbig/Tmall_JavaEE,https://github.com/czwbig/Tmall_JavaEE.git,269.0,4.34,0.0,4.0,3,13.0,2966
biblelamp/JavaExercises,https://github.com/biblelamp/JavaExercises.git,133.0,6.71,0.0,1.0,15,0.0,41349
TIBCOSoftware/jasperreports,https://github.com/TIBCOSoftware/jasperreports.git,756.0,6.52,26.0,4.0,29,1.0,229702
4thline/cling,https://github.com/4thline/cling.git,1585.0,11.5,5.0,3.0,52,1.0,47552
Gottox/socket.io-java-client,https://github.com/Gottox/socket.io-java-client.git,945.0,11.23,0.0,2.0,6,0.0,1791
joaomatosf/JavaDeserH2HC,https://github.com/joaomatosf/JavaDeserH2HC.git,452.0,5.51,0.0,4.0,1,0.0,731
TongOS/JavaBookClub,https://github.com/TongOS/JavaBookClub.git,431.0,3.56,0.0,1.0,2,0.0,543
superblaubeere27/obfuscator,https://github.com/superblaubeere27/obfuscator.git,689.0,4.85,15.0,3.0,6,1.0,6868
binarywang/weixin-java-pay-demo,https://github.com/binarywang/weixin-java-pay-demo.git,789.0,6.03,0.0,7.0,2,0.0,170
OpenHFT/Java-Thread-Affinity,https://github.com/OpenHFT/Java-Thread-Affinity.git,1596.0,9.48,25.0,2.0,3,2.0,3452
firebase/geofire-java,https://github.com/firebase/geofire-java.git,670.0,8.67,13.0,2.0,2,0.0,2138
NLPchina/Word2VEC_java,https://github.com/NLPchina/Word2VEC_java.git,669.0,9.42,0.0,2.0,2,0.0,848
web3j/web3j,https://github.com/web3j/web3j.git,4540.0,6.53,101.0,2.0,46,0.0,37052
mafudge/LearnJava,https://github.com/mafudge/LearnJava.git,373.0,9.64,0.0,1.0,6,0.0,7110
FasterXML/jackson-modules-java8,https://github.com/FasterXML/jackson-modules-java8.git,381.0,6.36,0.0,3.0,6,0.0,14178
anshooarora/extentreports-java,https://github.com/anshooarora/extentreports-java.git,525.0,8.1,0.0,3.0,5,0.0,5032
firebase/firebase-admin-java,https://github.com/firebase/firebase-admin-java.git,454.0,6.0,17.0,2.0,14,0.0,69048
lenve/CoolMeeting,https://github.com/lenve/CoolMeeting.git,728.0,5.56,0.0,3.5,1,0.0,519
caveofprogramming/java-beginners,https://github.com/caveofprogramming/java-beginners.git,499.0,6.73,0.0,0.0,2,0.0,486
typetools/checker-framework,https://github.com/typetools/checker-framework.git,897.0,7.7,98.0,2.0,20,0.0,168477
agoncal/agoncal-application-petstore-ee7,https://github.com/agoncal/agoncal-application-petstore-ee7.git,192.0,9.83,0.0,9.0,4,1.0,3748
JetBrains/skija,https://github.com/JetBrains/skija.git,2553.0,2.94,0.0,5.0,7,0.0,18343
jenkinsci/java-client-api,https://github.com/jenkinsci/java-client-api.git,872.0,10.32,0.0,3.0,4,0.0,7147
jjenkov/java-nio-server,https://github.com/jjenkov/java-nio-server.git,889.0,7.41,0.0,3.0,1,0.0,847
Javacord/Javacord,https://github.com/Javacord/Javacord.git,653.0,7.21,19.0,4.0,6,0.0,31875
ta4j/ta4j,https://github.com/ta4j/ta4j.git,1720.0,5.5,2.0,7.0,5,1.0,17961
waylau/distributed-java,https://github.com/waylau/distributed-java.git,348.0,7.17,0.0,2.0,2,0.0,1077
apache/datasketches-java,https://github.com/apache/datasketches-java.git,807.0,7.71,48.0,7.0,6,10.0,74496
naveenanimation20/PageObjectModel,https://github.com/naveenanimation20/PageObjectModel.git,435.0,5.47,0.0,5.5,2,3.0,448
hierynomus/sshj,https://github.com/hierynomus/sshj.git,2258.0,13.05,0.0,3.0,6,1.0,19724
google/auto,https://github.com/google/auto.git,10045.0,9.81,57.0,3.0,80,1.0,30540
RoaringBitmap/RoaringBitmap,https://github.com/RoaringBitmap/RoaringBitmap.git,3003.0,9.74,9.0,5.0,7,1.0,71413
SummerSec/JavaLearnVulnerability,https://github.com/SummerSec/JavaLearnVulnerability.git,734.0,2.9,1.0,1.5,4,0.0,6404
superhj1987/pragmatic-java-engineer,https://github.com/superhj1987/pragmatic-java-engineer.git,1255.0,5.61,0.0,2.0,4,0.0,4767
yinchuandong/JavaVerify,https://github.com/yinchuandong/JavaVerify.git,206.0,8.48,0.0,1.0,6,1.0,2511
dunwu/java-tutorial,https://github.com/dunwu/java-tutorial.git,1469.0,5.29,0.0,2.0,5,0.0,15621
pengrad/java-telegram-bot-api,https://github.com/pengrad/java-telegram-bot-api.git,1372.0,7.61,57.0,3.0,4,1.0,11381
wsieroci/audio-recognizer,https://github.com/wsieroci/audio-recognizer.git,655.0,10.81,0.0,1.0,6,0.0,683
apache/skywalking-java,https://github.com/apache/skywalking-java.git,486.0,1.55,7.0,3.0,6,3.0,59295
vladmihalcea/high-performance-java-persistence,https://github.com/vladmihalcea/high-performance-java-persistence.git,1113.0,7.42,0.0,5.0,8,3.0,91011
cn-panda/JavaCodeAudit,https://github.com/cn-panda/JavaCodeAudit.git,682.0,3.3,0.0,3.0,43,1.0,36429
artur-shaik/vim-javacomplete2,https://github.com/artur-shaik/vim-javacomplete2.git,987.0,7.82,10.0,3.0,5,0.0,3598
yrojha4ever/JavaStud,https://github.com/yrojha4ever/JavaStud.git,269.0,7.53,0.0,0.0,6,0.0,4790
AsyncHttpClient/async-http-client,https://github.com/AsyncHttpClient/async-http-client.git,6076.0,12.02,0.0,4.0,8,1.0,28944
twilio/twilio-java,https://github.com/twilio/twilio-java.git,418.0,13.5,203.0,9.0,5,2.0,151595
jfaster/mango,https://github.com/jfaster/mango.git,915.0,9.31,0.0,3.0,8,1.0,22697
stripe/stripe-java,https://github.com/stripe/stripe-java.git,650.0,11.6,598.0,3.0,7,1.0,358329
sendgrid/sendgrid-java,https://github.com/sendgrid/sendgrid-java.git,450.0,9.56,58.0,4.0,3,0.0,6403
TALKDATA/JavaBigData,https://github.com/TALKDATA/JavaBigData.git,424.0,4.15,0.0,4.0,18,0.0,13554
jammy928/CoinExchange_CryptoExchange_Java,https://github.com/jammy928/CoinExchange_CryptoExchange_Java.git,872.0,2.97,0.0,5.0,3,0.0,30891
wangzheng0822/ratelimiter4j,https://github.com/wangzheng0822/ratelimiter4j.git,898.0,4.69,0.0,3.0,4,0.5,4088
MorphiaOrg/morphia,https://github.com/MorphiaOrg/morphia.git,1588.0,9.89,59.0,4.0,15,0.0,36521
javastacks/javastack,https://github.com/javastacks/javastack.git,643.0,4.18,0.0,2.0,2,0.0,2005
Viscent/javamtia,https://github.com/Viscent/javamtia.git,437.0,5.94,0.0,6.0,13,1.0,27443
peter-lawrey/Java-Chronicle,https://github.com/peter-lawrey/Java-Chronicle.git,1222.0,11.18,0.0,4.0,3,0.0,12278
peterarsentev/games_oop_javafx,https://github.com/peterarsentev/games_oop_javafx.git,130.0,4.89,0.0,3.0,4,4.0,1184
fuzhengwei/itstack-demo-design,https://github.com/fuzhengwei/itstack-demo-design.git,5465.0,2.82,0.0,2.0,3,0.0,3985
googleapis/google-http-java-client,https://github.com/googleapis/google-http-java-client.git,1312.0,8.18,46.0,3.0,37,0.0,24096
google/conscrypt,https://github.com/google/conscrypt.git,1122.0,6.25,0.0,2.0,49,0.0,54895
vipshop/vjtools,https://github.com/vipshop/vjtools.git,7438.0,4.8,9.0,2.0,6,1.0,18382
OfficeDev/ews-java-api,https://github.com/OfficeDev/ews-java-api.git,842.0,8.55,0.0,3.0,44,0.0,36849
cod3rcursos/curso-java,https://github.com/cod3rcursos/curso-java.git,935.0,3.56,0.0,1.0,6,0.0,5431
kungfoo/geohash-java,https://github.com/kungfoo/geohash-java.git,937.0,14.21,0.0,3.0,1,1.0,2028
anxpp/JavaDesignPattern,https://github.com/anxpp/JavaDesignPattern.git,227.0,6.9,0.0,1.0,2,0.0,1936
xuwujing/java-study,https://github.com/xuwujing/java-study.git,1054.0,4.48,0.0,1.0,3,0.0,12159
mcxiaoke/minicat,https://github.com/mcxiaoke/minicat.git,682.0,9.8,13.0,3.0,7,1.0,23897
elastic/apm-agent-java,https://github.com/elastic/apm-agent-java.git,527.0,5.09,59.0,3.0,75,0.0,115237
rest-assured/rest-assured,https://github.com/rest-assured/rest-assured.git,6286.0,12.4,0.0,5.0,5,0.0,27766
yhy0/ExpDemo-JavaFX,https://github.com/yhy0/ExpDemo-JavaFX.git,518.0,1.97,0.0,4.0,2,1.0,5023
pires/obd-java-api,https://github.com/pires/obd-java-api.git,563.0,9.48,0.0,3.0,5,3.0,3413
loiane/curso-java-basico,https://github.com/loiane/curso-java-basico.git,778.0,9.52,0.0,0.0,3,0.0,9211
konohiroaki/java8-code-kata,https://github.com/konohiroaki/java8-code-kata.git,138.0,7.74,0.0,3.0,2,3.0,628
aws/aws-sdk-java-v2,https://github.com/aws/aws-sdk-java-v2.git,1693.0,5.72,0.0,5.0,15,1.0,231898
JodaOrg/joda-time,https://github.com/JodaOrg/joda-time.git,4873.0,11.83,42.0,6.0,17,10.0,91497
pedant/safe-java-js-webview-bridge,https://github.com/pedant/safe-java-js-webview-bridge.git,2435.0,8.69,1.0,3.0,4,0.0,476
vsch/flexmark-java,https://github.com/vsch/flexmark-java.git,1930.0,7.14,0.0,5.0,8,1.0,103505
pedroSG94/rtmp-rtsp-stream-client-java,https://github.com/pedroSG94/rtmp-rtsp-stream-client-java.git,1971.0,6.14,122.0,2.0,4,0.0,18745
swagger-api/swagger-parser,https://github.com/swagger-api/swagger-parser.git,656.0,8.9,103.0,3.0,6,0.0,21865
knightliao/disconf-demos-java,https://github.com/knightliao/disconf-demos-java.git,381.0,7.34,2.0,4.0,2,0.0,631
Froussios/Intro-To-RxJava,https://github.com/Froussios/Intro-To-RxJava.git,2046.0,7.97,0.0,3.0,2,3.0,5304
square/okhttp,https://github.com/square/okhttp.git,43686.0,10.64,0.0,3.0,4,1.0,13710
Guardsquare/proguard,https://github.com/Guardsquare/proguard.git,1879.0,3.97,22.0,6.0,7,1.0,33182
signalapp/libsignal-protocol-java,https://github.com/signalapp/libsignal-protocol-java.git,1782.0,8.27,0.0,3.0,3,0.0,4789
lz4/lz4-java,https://github.com/lz4/lz4-java.git,987.0,10.66,8.0,3.0,7,3.0,5285
javaee/javamail,https://github.com/javaee/javamail.git,559.0,5.89,4.0,1.0,86,0.0,66455
864381832/xJavaFxTool,https://github.com/864381832/xJavaFxTool.git,1611.0,5.55,11.0,4.0,4,1.0,1587
open-telemetry/opentelemetry-java-instrumentation,https://github.com/open-telemetry/opentelemetry-java-instrumentation.git,1232.0,3.47,67.0,5.0,21,1.0,104869
Jackson0714/PassJava-Platform,https://github.com/Jackson0714/PassJava-Platform.git,1887.0,2.94,0.0,3.0,4,0.0,6899
google/google-api-java-client-samples,https://github.com/google/google-api-java-client-samples.git,733.0,8.14,0.0,4.0,13,0.0,7853
awslabs/aws-serverless-java-container,https://github.com/awslabs/aws-serverless-java-container.git,1318.0,6.27,30.0,5.5,5,1.0,14132
EsotericSoftware/reflectasm,https://github.com/EsotericSoftware/reflectasm.git,1404.0,9.36,5.0,1.0,12,0.0,1801
joeferner/node-java,https://github.com/joeferner/node-java.git,1811.0,11.15,0.0,0.0,4,0.0,499
lenve/javaboy-code-samples,https://github.com/lenve/javaboy-code-samples.git,1227.0,3.85,0.0,3.0,4,0.0,10239
tdebatty/java-string-similarity,https://github.com/tdebatty/java-string-similarity.git,2557.0,8.91,26.0,3.0,2,0.0,1374
javalite/javalite,https://github.com/javalite/javalite.git,809.0,9.79,6.0,3.0,13,0.0,37803
menacher/java-game-server,https://github.com/menacher/java-game-server.git,1251.0,11.11,0.0,3.0,5,1.0,8783
commonmark/commonmark-java,https://github.com/commonmark/commonmark-java.git,1945.0,7.65,33.0,3.0,6,1.0,10695
spullara/mustache.java,https://github.com/spullara/mustache.java.git,1780.0,12.87,0.0,1.0,6,0.0,10912
minio/minio-java,https://github.com/minio/minio-java.git,822.0,7.87,83.0,4.0,13,0.0,16564
vogellacompany/codeexamples-java,https://github.com/vogellacompany/codeexamples-java.git,340.0,13.34,0.0,3.0,6,1.0,42023
huaban/jieba-analysis,https://github.com/huaban/jieba-analysis.git,2261.0,9.61,0.0,2.0,2,1.0,1007
lzyzsd/JsBridge,https://github.com/lzyzsd/JsBridge.git,9269.0,8.05,0.0,1.5,2,0.0,995
binarywang/weixin-java-miniapp-demo,https://github.com/binarywang/weixin-java-miniapp-demo.git,1098.0,5.75,0.0,3.5,1,0.0,267
qiniu/java-sdk,https://github.com/qiniu/java-sdk.git,540.0,10.98,59.0,3.0,7,0.0,23906
fvarrui/JavaPackager,https://github.com/fvarrui/JavaPackager.git,700.0,4.05,40.0,6.0,4,3.0,4811
radcortez/javaee7-angular,https://github.com/radcortez/javaee7-angular.git,236.0,8.99,0.0,5.0,2,27.0,137
DreamCats/java-notes,https://github.com/DreamCats/java-notes.git,1693.0,4.02,0.0,1.5,1,0.0,168
dain/leveldb,https://github.com/dain/leveldb.git,1464.0,11.64,0.0,3.0,9,0.0,10042
EdwardRaff/JSAT,https://github.com/EdwardRaff/JSAT.git,756.0,7.98,9.0,6.0,18,10.0,87712
zaiyunduan123/Java-Summarize,https://github.com/zaiyunduan123/Java-Summarize.git,1226.0,4.88,0.0,0.0,3,0.0,941
wenweihu86/raft-java,https://github.com/wenweihu86/raft-java.git,1053.0,5.87,0.0,4.0,21,6.0,29859
JoyChou93/java-sec-code,https://github.com/JoyChou93/java-sec-code.git,1913.0,5.22,3.0,5.0,4,1.0,3138
eson15/Javaweb_bookstore,https://github.com/eson15/Javaweb_bookstore.git,657.0,7.28,0.0,4.5,2,3.0,1181
aliyun/api-gateway-demo-sign-java,https://github.com/aliyun/api-gateway-demo-sign-java.git,366.0,6.97,0.0,0.0,1,0.0,920
JosephZhu1983/java-common-mistakes,https://github.com/JosephZhu1983/java-common-mistakes.git,1297.0,3.11,0.0,3.0,4,0.0,7483
getsentry/sentry-java,https://github.com/getsentry/sentry-java.git,930.0,11.1,153.0,5.0,4,0.0,38747
Backblaze/JavaReedSolomon,https://github.com/Backblaze/JavaReedSolomon.git,681.0,7.95,0.0,3.0,2,0.0,1399
fanyong920/jvppeteer,https://github.com/fanyong920/jvppeteer.git,522.0,3.01,14.0,2.0,6,0.0,17074
DomHeal/JavaFX-Chat,https://github.com/DomHeal/JavaFX-Chat.git,397.0,7.39,0.0,3.0,3,0.0,2242
javacc/javacc,https://github.com/javacc/javacc.git,1009.0,6.65,11.0,3.0,7,3.0,20650
breenmachine/JavaUnserializeExploits,https://github.com/breenmachine/JavaUnserializeExploits.git,133.0,7.36,0.0,1.0,1,0.0,39
pxb1988/dex2jar,https://github.com/pxb1988/dex2jar.git,10699.0,8.0,6.0,3.0,8,0.0,41007
udacity/Just-Java,https://github.com/udacity/Just-Java.git,495.0,7.81,0.0,9.0,2,9.0,62
linkedin/parseq,https://github.com/linkedin/parseq.git,1143.0,10.49,0.0,4.0,12,0.0,28664
SAML-Toolkits/java-saml,https://github.com/SAML-Toolkits/java-saml.git,573.0,11.98,13.0,3.0,10,0.0,12811
heroku/java-getting-started,https://github.com/heroku/java-getting-started.git,248.0,8.6,0.0,2.0,1,1.0,107
googleapis/google-api-java-client,https://github.com/googleapis/google-api-java-client.git,1203.0,8.38,55.0,4.0,7,1.0,12006
zeromq/jzmq,https://github.com/zeromq/jzmq.git,579.0,13.04,0.0,3.0,4,0.0,6378
kevinsawicki/github-maven-example,https://github.com/kevinsawicki/github-maven-example.git,134.0,11.53,0.0,1.5,1,0.5,26
shekhargulati/strman-java,https://github.com/shekhargulati/strman-java.git,1357.0,6.87,0.0,0.0,1,0.0,9063
eclipse-californium/californium,https://github.com/eclipse-californium/californium.git,664.0,7.47,27.0,3.0,7,0.0,130038
etcd-io/jetcd,https://github.com/etcd-io/jetcd.git,971.0,6.65,3.0,4.0,5,0.0,7144
functionaljava/functionaljava,https://github.com/functionaljava/functionaljava.git,1544.0,12.38,0.0,6.0,11,1.0,33699
changmingxie/tcc-transaction,https://github.com/changmingxie/tcc-transaction.git,5590.0,7.28,6.0,3.0,6,1.0,22392
jknack/handlebars.java,https://github.com/jknack/handlebars.java.git,1364.0,10.8,9.0,2.0,4,0.0,18701
line/line-bot-sdk-java,https://github.com/line/line-bot-sdk-java.git,564.0,6.92,29.0,4.0,4,0.0,10056
matyb/java-koans,https://github.com/matyb/java-koans.git,705.0,12.17,0.0,2.0,6,0.0,7354
in28minutes/java-a-course-for-beginners,https://github.com/in28minutes/java-a-course-for-beginners.git,871.0,5.13,0.0,1.0,3,0.0,2541
hyperledger/fabric-sdk-java,https://github.com/hyperledger/fabric-sdk-java.git,1092.0,6.43,35.0,5.0,5,1.0,32627
watson-developer-cloud/java-sdk,https://github.com/watson-developer-cloud/java-sdk.git,582.0,7.88,110.0,2.0,3,1.0,100380
facebook/infer,https://github.com/facebook/infer.git,13887.0,8.13,29.0,1.0,8,0.0,33323
arun-gupta/microservices,https://github.com/arun-gupta/microservices.git,606.0,7.84,0.0,6.0,4,0.0,1244
eclipse/leshan,https://github.com/eclipse/leshan.git,599.0,8.1,47.0,4.0,7,0.0,51804
ruanwenjun/JAVAWeb-Project,https://github.com/ruanwenjun/JAVAWeb-Project.git,617.0,5.04,0.0,3.0,3,2.0,6362
opentracing/opentracing-java,https://github.com/opentracing/opentracing-java.git,1668.0,7.24,4.0,3.0,3,0.0,3707
tabulapdf/tabula-java,https://github.com/tabulapdf/tabula-java.git,1520.0,8.82,10.0,3.0,6,1.0,6054
AllenDowney/ThinkJavaCode,https://github.com/AllenDowney/ThinkJavaCode.git,347.0,7.17,0.0,1.0,3,1.0,1546
amaembo/streamex,https://github.com/amaembo/streamex.git,2036.0,7.93,2.0,4.0,22,0.0,19723
Viscent/javamtp,https://github.com/Viscent/javamtp.git,651.0,7.48,1.0,2.0,5,0.0,5874
coobird/thumbnailator,https://github.com/coobird/thumbnailator.git,4561.0,7.64,0.0,2.0,7,0.0,19311
s4kibs4mi/java-developer-roadmap,https://github.com/s4kibs4mi/java-developer-roadmap.git,3217.0,3.9,0.0,0.0,1,0.0,5
stanfordnlp/CoreNLP,https://github.com/stanfordnlp/CoreNLP.git,8891.0,9.71,13.0,3.0,46,0.0,562044
Qbian61/forum-java,https://github.com/Qbian61/forum-java.git,1219.0,2.29,0.0,5.0,4,0.0,6425
evant/gradle-retrolambda,https://github.com/evant/gradle-retrolambda.git,5319.0,9.61,37.0,3.0,2,0.0,623
TheoKanning/openai-java,https://github.com/TheoKanning/openai-java.git,1571.0,2.5,12.0,4.0,4,0.0,1041
ClickHouse/clickhouse-java,https://github.com/ClickHouse/clickhouse-java.git,1183.0,6.67,26.0,4.0,8,1.0,62569
vaadin/framework,https://github.com/vaadin/framework.git,1745.0,10.4,180.0,4.0,38,1.0,404411
qiyaTech/javaCrawling,https://github.com/qiyaTech/javaCrawling.git,308.0,5.57,0.0,7.0,3,1.0,6285
redhat-developer/vscode-java,https://github.com/redhat-developer/vscode-java.git,1830.0,6.59,47.0,0.0,1,0.0,133
mockito/mockito,https://github.com/mockito/mockito.git,13758.0,10.42,199.0,2.0,19,0.0,50095
JeffLi1993/java-core-learning-example,https://github.com/JeffLi1993/java-core-learning-example.git,1652.0,7.75,0.0,1.0,4,0.0,3365
square/dagger,https://github.com/square/dagger.git,7293.0,10.61,0.0,3.0,8,0.0,8017
agoncal/agoncal-book-javaee7,https://github.com/agoncal/agoncal-book-javaee7.git,279.0,10.74,0.0,4.0,4,0.0,16869
kubesphere/devops-java-sample,https://github.com/kubesphere/devops-java-sample.git,114.0,3.96,1.0,2.0,1,0.0,15
jsquared21/Intro-to-Java-Programming,https://github.com/jsquared21/Intro-to-Java-Programming.git,1071.0,7.79,0.0,1.0,6,0.0,19227
alibaba/jetcache,https://github.com/alibaba/jetcache.git,3820.0,5.92,62.0,4.0,6,0.0,17425
cmusphinx/sphinx4,https://github.com/cmusphinx/sphinx4.git,1343.0,8.94,0.0,4.0,9,1.0,50527
jbloch/effective-java-3e-source-code,https://github.com/jbloch/effective-java-3e-source-code.git,3548.0,4.61,0.0,1.0,5,0.0,3018
apache/dubbo,https://github.com/apache/dubbo.git,38553.0,10.74,76.0,4.0,14,0.0,200976
Netflix/astyanax,https://github.com/Netflix/astyanax.git,1027.0,11.67,7.0,4.0,5,1.0,50928
hsiafan/apk-parser,https://github.com/hsiafan/apk-parser.git,1137.0,9.18,10.0,2.0,11,1.0,7478
selenide/selenide,https://github.com/selenide/selenide.git,1656.0,11.1,115.0,6.0,5,1.0,26246
pf4j/pf4j,https://github.com/pf4j/pf4j.git,1959.0,10.43,0.0,3.0,13,0.0,6624
ipipman/JavaSpringBootSamples,https://github.com/ipipman/JavaSpringBootSamples.git,644.0,2.26,0.0,4.0,4,0.0,17223
objectbox/objectbox-java,https://github.com/objectbox/objectbox-java.git,4151.0,6.14,35.0,4.0,24,0.0,21610
OWASP-Benchmark/BenchmarkJava,https://github.com/OWASP-Benchmark/BenchmarkJava.git,528.0,7.94,4.0,6.0,2,1.0,141111
RudeCrab/rude-java,https://github.com/RudeCrab/rude-java.git,1063.0,3.08,0.0,5.0,4,0.0,2119
javaee-samples/javaee8-samples,https://github.com/javaee-samples/javaee8-samples.git,365.0,8.44,0.0,4.0,2,0.0,1939
eclipse/eclipse.jdt.ls,https://github.com/eclipse/eclipse.jdt.ls.git,1379.0,6.72,1.0,4.0,29,1.0,141233
j-easy/easy-rules,https://github.com/j-easy/easy-rules.git,4330.0,10.02,10.0,4.0,5,1.0,4857
KikiLetGo/VirusBroadcast,https://github.com/KikiLetGo/VirusBroadcast.git,1650.0,3.11,0.0,0.0,6,0.0,475
castello/javajungsuk3,https://github.com/castello/javajungsuk3.git,311.0,5.07,0.0,0.0,4,0.0,10698
apache/servicecomb-java-chassis,https://github.com/apache/servicecomb-java-chassis.git,1836.0,5.83,65.0,4.0,11,0.0,116594
rovo89/XposedBridge,https://github.com/rovo89/XposedBridge.git,3669.0,10.96,0.0,3.0,6,0.5,13447
shyiko/mysql-binlog-connector-java,https://github.com/shyiko/mysql-binlog-connector-java.git,2035.0,9.68,16.0,1.0,5,0.0,8523
nanchen2251/RxJava2Examples,https://github.com/nanchen2251/RxJava2Examples.git,2855.0,5.74,0.0,2.0,5,0.0,3713
fusesource/mqtt-client,https://github.com/fusesource/mqtt-client.git,1251.0,11.24,0.0,3.0,4,1.0,4568
eclipse/paho.mqtt.java,https://github.com/eclipse/paho.mqtt.java.git,1837.0,7.24,7.0,3.0,6,1.0,32562
EleTeam/Shop-for-JavaWeb,https://github.com/EleTeam/Shop-for-JavaWeb.git,371.0,7.01,0.0,5.0,4,3.0,28192
SonarSource/sonar-java,https://github.com/SonarSource/sonar-java.git,996.0,10.53,87.0,2.0,20,0.0,202391
briandilley/jsonrpc4j,https://github.com/briandilley/jsonrpc4j.git,986.0,9.4,1.0,3.0,4,0.0,6752
binarywang/weixin-java-mp-demo,https://github.com/binarywang/weixin-java-mp-demo.git,1654.0,6.38,0.0,6.0,2,0.0,399
woowacourse-precourse/java-onboarding,https://github.com/woowacourse-precourse/java-onboarding.git,111.0,0.41,0.0,0.0,1,0.0,202
googlemaps/google-maps-services-java,https://github.com/googlemaps/google-maps-services-java.git,1589.0,8.58,53.0,2.0,6,0.5,8808
helidon-io/helidon,https://github.com/helidon-io/helidon.git,2974.0,4.55,70.0,4.0,28,1.0,293813
aliyun/aliyun-oss-java-sdk,https://github.com/aliyun/aliyun-oss-java-sdk.git,1124.0,7.62,41.0,3.0,5,0.0,72356
soumyadip007/Java-JavaFx-Swing-Projects-Desktop-Application-GUI-Software,https://github.com/soumyadip007/Java-JavaFx-Swing-Projects-Desktop-Application-GUI-Software.git,398.0,4.39,0.0,1.0,6,0.0,7760
rybalkinsd/atom,https://github.com/rybalkinsd/atom.git,310.0,6.48,0.0,2.0,4,0.0,3019
natural/java2python,https://github.com/natural/java2python.git,531.0,11.12,0.0,0.0,2,0.0,1450
redis/jedis,https://github.com/redis/jedis.git,10963.0,12.76,74.0,3.0,7,1.0,61143
yangfuhai/ASimpleCache,https://github.com/yangfuhai/ASimpleCache.git,3667.0,9.63,0.0,2.0,2,0.0,1993
echoTheLiar/JavaCodeAcc,https://github.com/echoTheLiar/JavaCodeAcc.git,579.0,5.98,0.0,1.0,4,0.0,1595
onblog/JavaMonitor,https://github.com/onblog/JavaMonitor.git,493.0,4.33,4.0,3.0,4,0.0,1738
egzosn/pay-java-parent,https://github.com/egzosn/pay-java-parent.git,2310.0,6.83,21.0,2.0,4,3.0,17199
CSPF-Founder/JavaVulnerableLab,https://github.com/CSPF-Founder/JavaVulnerableLab.git,211.0,8.19,1.0,5.0,2,6.0,578
elastic/elasticsearch,https://github.com/elastic/elasticsearch.git,63038.0,13.1,108.0,5.0,176,1.0,1910602
rsocket/rsocket-java,https://github.com/rsocket/rsocket-java.git,2248.0,7.69,85.0,5.0,17,1.0,41082
influxdata/influxdb-java,https://github.com/influxdata/influxdb-java.git,1117.0,8.87,1.0,2.0,36,0.0,10293
appium/java-client,https://github.com/appium/java-client.git,1044.0,8.94,57.0,4.0,33,0.0,13584
eclipsesource/J2V8,https://github.com/eclipsesource/J2V8.git,2347.0,8.61,0.0,3.0,6,0.0,20876
amitshekhariitbhu/RxJava2-Android-Samples,https://github.com/amitshekhariitbhu/RxJava2-Android-Samples.git,4967.0,6.55,0.0,2.0,3,0.0,3992
android-async-http/android-async-http,https://github.com/android-async-http/android-async-http.git,10644.0,12.07,3.0,4.0,5,3.0,7620
Y4tacker/JavaSec,https://github.com/Y4tacker/JavaSec.git,896.0,1.41,0.0,2.0,2,0.0,827
msgpack/msgpack-java,https://github.com/msgpack/msgpack-java.git,1337.0,11.71,1.0,2.0,17,0.0,10704
vdurmont/emoji-java,https://github.com/vdurmont/emoji-java.git,2518.0,8.48,19.0,2.0,1,1.0,1311
WritingMinds/ffmpeg-android-java,https://github.com/WritingMinds/ffmpeg-android-java.git,3227.0,8.51,8.0,1.0,3,1.0,1306
jtablesaw/tablesaw,https://github.com/jtablesaw/tablesaw.git,3173.0,7.2,79.0,4.0,6,1.0,47818
soot-oss/soot,https://github.com/soot-oss/soot.git,2531.0,10.74,1.0,4.0,11,1.0,438200
apereo/java-cas-client,https://github.com/apereo/java-cas-client.git,844.0,11.02,16.0,3.0,6,0.0,7420
in28minutes/JavaWebApplicationStepByStep,https://github.com/in28minutes/JavaWebApplicationStepByStep.git,495.0,7.23,0.0,5.0,2,0.0,131
caoxinyu/RedisClient,https://github.com/caoxinyu/RedisClient.git,2376.0,8.84,4.0,2.0,4,0.0,13418
rabbitmq/rabbitmq-java-client,https://github.com/rabbitmq/rabbitmq-java-client.git,1140.0,12.48,177.0,3.0,7,0.0,30516
notnoop/java-apns,https://github.com/notnoop/java-apns.git,1783.0,13.33,5.0,3.0,5,1.0,5530
tobato/FastDFS_Client,https://github.com/tobato/FastDFS_Client.git,1458.0,7.21,0.0,3.5,6,0.0,4856
Kong/unirest-java,https://github.com/Kong/unirest-java.git,2415.0,11.93,33.0,4.0,7,1.0,13754
BruceEckel/OnJava8-Examples,https://github.com/BruceEckel/OnJava8-Examples.git,2724.0,7.9,3.0,1.0,11,0.0,23135
addthis/stream-lib,https://github.com/addthis/stream-lib.git,2241.0,12.0,0.0,3.0,6,3.0,8481
rengwuxian/RxJavaSamples,https://github.com/rengwuxian/RxJavaSamples.git,3963.0,6.98,3.0,3.0,3,0.0,1001
dcm4che/dcm4che,https://github.com/dcm4che/dcm4che.git,981.0,12.5,49.0,3.0,13,1.0,59564
RichardWarburton/java-8-lambdas-exercises,https://github.com/RichardWarburton/java-8-lambdas-exercises.git,1772.0,9.09,0.0,2.0,4,0.0,3486
otale/tale,https://github.com/otale/tale.git,4829.0,6.05,9.0,3.0,3,0.0,2846
datastax/java-driver,https://github.com/datastax/java-driver.git,1285.0,10.32,13.0,5.0,25,1.0,110428
aimacode/aima-java,https://github.com/aimacode/aima-java.git,1467.0,8.01,3.0,4.0,14,0.0,54325
amitshekhariitbhu/from-java-to-kotlin,https://github.com/amitshekhariitbhu/from-java-to-kotlin.git,5863.0,5.82,0.0,0.5,1,0.0,37
hub4j/github-api,https://github.com/hub4j/github-api.git,983.0,12.91,44.0,4.0,29,1.0,28018
ScottOaks/JavaPerformanceTuning,https://github.com/ScottOaks/JavaPerformanceTuning.git,624.0,9.0,0.0,0.0,182,0.0,71551
zeromq/jeromq,https://github.com/zeromq/jeromq.git,2190.0,10.62,0.0,4.0,13,0.0,49568
prometheus/client_java,https://github.com/prometheus/client_java.git,1934.0,10.11,34.0,3.0,4,0.0,14117
spring-projects/spring-boot,https://github.com/spring-projects/spring-boot.git,66112.0,10.4,163.0,4.0,13,0.0,311792
aliyun/aliyun-openapi-java-sdk,https://github.com/aliyun/aliyun-openapi-java-sdk.git,1342.0,7.65,0.0,3.0,5,11.0,4041209
qos-ch/slf4j,https://github.com/qos-ch/slf4j.git,2103.0,13.57,0.0,3.0,6,1.0,12012
phith0n/JavaThings,https://github.com/phith0n/JavaThings.git,1247.0,2.65,0.0,4.0,2,1.0,657
yasserg/crawler4j,https://github.com/yasserg/crawler4j.git,4369.0,11.2,3.0,4.0,3,1.0,4736
socketio/socket.io-client-java,https://github.com/socketio/socket.io-client-java.git,5086.0,9.88,5.0,1.0,4,0.0,5646
NanoHttpd/nanohttpd,https://github.com/NanoHttpd/nanohttpd.git,6550.0,10.59,3.0,3.0,16,1.0,7106
crossbario/autobahn-java,https://github.com/crossbario/autobahn-java.git,1491.0,11.48,7.0,2.0,5,0.0,7822
GoogleContainerTools/jib,https://github.com/GoogleContainerTools/jib.git,12607.0,5.14,145.0,5.0,5,0.0,34799
open-telemetry/opentelemetry-java,https://github.com/open-telemetry/opentelemetry-java.git,1470.0,4.05,52.0,5.0,13,1.0,59042
Azure/azure-sdk-for-java,https://github.com/Azure/azure-sdk-for-java.git,1809.0,11.27,1000.0,4.0,66,1.0,3247150
mongodb/mongo-java-driver,https://github.com/mongodb/mongo-java-driver.git,2535.0,14.16,130.0,5.0,13,1.0,130941
ben-manes/caffeine,https://github.com/ben-manes/caffeine.git,13299.0,8.25,65.0,3.0,22,0.0,74951
JustinSDK/JavaSE6Tutorial,https://github.com/JustinSDK/JavaSE6Tutorial.git,922.0,9.29,0.0,0.0,6,0.0,5482
chenjiabing666/JavaFamily,https://github.com/chenjiabing666/JavaFamily.git,575.0,2.25,0.0,3.0,2,0.0,1803
javadevjournal/javadevjournal,https://github.com/javadevjournal/javadevjournal.git,380.0,4.93,0.0,2.0,4,0.0,9965
OpenFeign/feign,https://github.com/OpenFeign/feign.git,8679.0,9.72,28.0,3.0,92,0.0,30656
libgdx/libgdx,https://github.com/libgdx/libgdx.git,21225.0,10.59,9.0,3.0,49,0.0,276858
jacoco/jacoco,https://github.com/jacoco/jacoco.git,3554.0,10.68,44.0,3.0,7,0.0,33298
Vedenin/useful-java-links,https://github.com/Vedenin/useful-java-links.git,5470.0,7.09,0.0,2.0,2,0.0,5964
bcgit/bc-java,https://github.com/bcgit/bc-java.git,1892.0,9.79,0.0,4.0,153,1.0,536152
gitblit-org/gitblit,https://github.com/gitblit-org/gitblit.git,2154.0,11.73,7.0,3.0,37,0.0,86922
DiUS/java-faker,https://github.com/DiUS/java-faker.git,4026.0,11.78,0.0,4.0,2,0.0,6710
byhieg/JavaTutorial,https://github.com/byhieg/JavaTutorial.git,632.0,6.21,0.0,1.0,2,0.0,5417
ChinaLHR/JavaQuarkBBS,https://github.com/ChinaLHR/JavaQuarkBBS.git,848.0,5.63,0.0,5.0,4,0.5,3484
shekhargulati/java8-the-missing-tutorial,https://github.com/shekhargulati/java8-the-missing-tutorial.git,1566.0,7.32,0.0,1.0,4,0.0,479
0opslab/opslabJutil,https://github.com/0opslab/opslabJutil.git,847.0,7.76,5.0,2.0,3,10.0,11117
dromara/hutool,https://github.com/dromara/hutool.git,25670.0,8.92,129.0,3.0,11,1.0,116522
dunwu/javacore,https://github.com/dunwu/javacore.git,2701.0,5.57,0.0,1.0,5,0.0,20233
searchbox-io/Jest,https://github.com/searchbox-io/Jest.git,2120.0,10.82,0.0,4.0,16,1.0,17784
VerbalExpressions/JavaVerbalExpressions,https://github.com/VerbalExpressions/JavaVerbalExpressions.git,2589.0,9.64,9.0,4.0,2,3.5,1213
moquette-io/moquette,https://github.com/moquette-io/moquette.git,2091.0,8.45,8.0,4.0,4,0.0,12282
google/android-classyshark,https://github.com/google/android-classyshark.git,7275.0,7.43,17.0,2.0,7,1.0,8714
fabric8io/kubernetes-client,https://github.com/fabric8io/kubernetes-client.git,2895.0,7.69,94.0,24.0,6,14.0,234458
happyfish100/fastdfs-client-java,https://github.com/happyfish100/fastdfs-client-java.git,1541.0,8.27,0.0,3.0,3,0.0,5781
alibaba/p3c,https://github.com/alibaba/p3c.git,28898.0,5.73,0.0,4.0,4,1.0,3457
oldmanpushcart/greys-anatomy,https://github.com/oldmanpushcart/greys-anatomy.git,3924.0,10.31,0.0,3.0,4,0.0,10774
phishman3579/java-algorithms-implementation,https://github.com/phishman3579/java-algorithms-implementation.git,4203.0,9.32,0.0,3.0,41,0.0,31758
GoogleCloudPlatform/java-docs-samples,https://github.com/GoogleCloudPlatform/java-docs-samples.git,1533.0,7.97,1.0,6.0,5,1.0,80513
kaushikgopal/RxJava-Android-Samples,https://github.com/kaushikgopal/RxJava-Android-Samples.git,7548.0,8.65,0.0,3.0,4,3.0,2633
auth0/java-jwt,https://github.com/auth0/java-jwt.git,5148.0,9.02,43.0,3.5,6,1.0,8775
cloudfoundry/java-buildpack,https://github.com/cloudfoundry/java-buildpack.git,422.0,9.86,107.0,0.0,1,0.0,2
hellokaton/30-seconds-of-java8,https://github.com/hellokaton/30-seconds-of-java8.git,2225.0,5.12,0.0,1.0,2,0.0,777
square/retrofit,https://github.com/square/retrofit.git,41269.0,12.52,0.0,3.0,16,0.0,26747
ronmamo/reflections,https://github.com/ronmamo/reflections.git,4421.0,9.91,3.0,1.0,5,0.0,4931
zxing/zxing,https://github.com/zxing/zxing.git,30769.0,11.43,29.0,4.0,6,0.0,39611
Beerkay/JavaMultiThreading,https://github.com/Beerkay/JavaMultiThreading.git,592.0,8.75,0.0,1.0,3,0.0,1285
hellokaton/learn-java8,https://github.com/hellokaton/learn-java8.git,1326.0,5.1,0.0,1.0,3,0.0,2443
tronprotocol/java-tron,https://github.com/tronprotocol/java-tron.git,3289.0,5.22,71.0,9.0,64,0.0,232048
bytedeco/javacpp,https://github.com/bytedeco/javacpp.git,4064.0,8.9,9.0,4.0,13,0.0,25716
junit-team/junit4,https://github.com/junit-team/junit4.git,8418.0,14.17,13.0,3.0,13,0.0,32915
kevinsawicki/http-request,https://github.com/kevinsawicki/http-request.git,3295.0,11.4,0.0,2.0,9,0.0,4876
qiyuangong/leetcode,https://github.com/qiyuangong/leetcode.git,4716.0,7.0,0.0,2.0,2,0.0,252
in28minutes/JavaInterviewQuestionsAndAnswers,https://github.com/in28minutes/JavaInterviewQuestionsAndAnswers.git,743.0,7.12,0.0,0.0,5,0.0,2744
apache/pinot,https://github.com/apache/pinot.git,4459.0,8.82,16.0,5.0,32,1.0,358840
javagrowing/JGrowing,https://github.com/javagrowing/JGrowing.git,4417.0,4.05,0.0,1.0,1,1.0,329
querydsl/querydsl,https://github.com/querydsl/querydsl.git,4178.0,11.61,34.0,3.0,28,0.0,98628
docker-java/docker-java,https://github.com/docker-java/docker-java.git,2505.0,8.78,46.0,5.0,6,1.0,29106
javamelody/javamelody,https://github.com/javamelody/javamelody.git,2783.0,7.73,46.0,3.0,98,1.0,50450
mercyblitz/jsr,https://github.com/mercyblitz/jsr.git,1979.0,5.65,0.0,1.0,1,0.0,3
Blankj/awesome-java-leetcode,https://github.com/Blankj/awesome-java-leetcode.git,8515.0,5.91,0.0,2.0,1,1.0,1772
javalin/javalin,https://github.com/javalin/javalin.git,6376.0,5.95,0.0,3.0,4,0.0,1670
jboss-javassist/javassist,https://github.com/jboss-javassist/javassist.git,3783.0,9.81,21.0,1.0,19,0.0,82714
brianway/java-learning,https://github.com/brianway/java-learning.git,4101.0,7.1,0.0,1.0,4,0.0,10984
aws/aws-sdk-java,https://github.com/aws/aws-sdk-java.git,3912.0,12.98,0.0,6.0,10,1.0,1008343
scribejava/scribejava,https://github.com/scribejava/scribejava.git,5338.0,12.52,9.0,3.0,6,1.0,12671
enhorse/java-interview,https://github.com/enhorse/java-interview.git,3771.0,5.86,0.0,1.0,3,0.0,247
code4craft/webmagic,https://github.com/code4craft/webmagic.git,10755.0,9.89,23.0,4.0,9,1.0,8676
go-cqhttp/java,https://github.com/go-cqhttp/java.git,174.0,5.37,0.0,3.0,4,0.0,2424
JavaCourse00/JavaCourseCodes,https://github.com/JavaCourse00/JavaCourseCodes.git,589.0,2.38,0.0,1.0,3,0.0,11438
h2pl/Java-Tutorial,https://github.com/h2pl/Java-Tutorial.git,5811.0,4.87,0.0,0.0,1,0.0,8
shopizer-ecommerce/shopizer,https://github.com/shopizer-ecommerce/shopizer.git,3010.0,10.31,18.0,4.0,6,2.0,53577
testcontainers/testcontainers-java,https://github.com/testcontainers/testcontainers-java.git,6896.0,7.93,61.0,5.0,13,0.0,24204
hamcrest/JavaHamcrest,https://github.com/hamcrest/JavaHamcrest.git,2031.0,10.95,7.0,4.0,7,1.0,6350
coderbruis/JavaSourceCodeLearning,https://github.com/coderbruis/JavaSourceCodeLearning.git,2777.0,2.78,0.0,2.0,3,0.0,6045
mrdear/JavaWEB,https://github.com/mrdear/JavaWEB.git,830.0,6.65,0.0,3.0,3,0.0,9761
graphql-java/graphql-java,https://github.com/graphql-java/graphql-java.git,5763.0,7.69,49.0,5.0,6,1.0,58179
TooTallNate/Java-WebSocket,https://github.com/TooTallNate/Java-WebSocket.git,9630.0,13.15,14.0,2.0,7,3.5,14502
jfinal/jfinal,https://github.com/jfinal/jfinal.git,3190.0,10.89,0.0,3.0,9,1.0,31852
CarpenterLee/JavaLambdaInternals,https://github.com/CarpenterLee/JavaLambdaInternals.git,1942.0,6.42,0.0,3.0,1,15.0,253
google/google-java-format,https://github.com/google/google-java-format.git,4890.0,7.84,18.0,3.5,6,1.0,12431
stleary/JSON-java,https://github.com/stleary/JSON-java.git,4220.0,12.23,17.0,1.0,5,1.0,10445
java-decompiler/jd-gui,https://github.com/java-decompiler/jd-gui.git,12282.0,7.98,18.0,3.0,15,1.0,19309
realm/realm-java,https://github.com/realm/realm-java.git,11365.0,10.9,0.0,2.0,16,0.0,109889
json-path/JsonPath,https://github.com/json-path/JsonPath.git,7744.0,12.14,8.0,3.0,13,0.0,16721
java-native-access/jna,https://github.com/java-native-access/jna.git,7707.0,11.88,0.0,3.0,122,0.0,105956
javaparser/javaparser,https://github.com/javaparser/javaparser.git,4604.0,11.38,40.0,5.0,20,1.0,132815
google/gson,https://github.com/google/gson.git,21934.0,7.99,6.0,2.0,7,0.0,32896
crossoverJie/JCSprout,https://github.com/crossoverJie/JCSprout.git,26951.0,5.24,0.0,1.0,4,0.0,4399
chanjarster/weixin-java-tools,https://github.com/chanjarster/weixin-java-tools.git,2707.0,8.57,21.0,3.0,5,1.0,12011
jenkins-docs/simple-java-maven-app,https://github.com/jenkins-docs/simple-java-maven-app.git,345.0,5.47,0.0,1.0,1,1.0,22
bytedeco/javacv,https://github.com/bytedeco/javacv.git,6501.0,8.9,9.0,4.0,13,1.0,26674
mthli/Java,https://github.com/mthli/Java.git,128.0,9.0,0.0,1.0,8,0.0,18556
jwtk/jjwt,https://github.com/jwtk/jjwt.git,8920.0,8.5,0.0,3.0,8,1.0,5254
FanZeros/java,https://github.com/FanZeros/java.git,155.0,2.26,0.0,0.0,6,0.0,3564
mrniko/netty-socketio,https://github.com/mrniko/netty-socketio.git,6136.0,11.17,6.0,3.0,5,0.0,5742
square/javapoet,https://github.com/square/javapoet.git,10106.0,10.12,0.0,2.0,5,0.0,7520
mybatis/mybatis-3,https://github.com/mybatis/mybatis-3.git,18275.0,10.08,40.0,2.0,7,0.0,54183
quarkusio/quarkus,https://github.com/quarkusio/quarkus.git,11498.0,4.69,222.0,4.0,16,0.0,650132
grpc/grpc-java,https://github.com/grpc/grpc-java.git,10415.0,8.27,137.0,3.0,16,0.0,223975
kunal-kushwaha/DSA-Bootcamp-Java,https://github.com/kunal-kushwaha/DSA-Bootcamp-Java.git,11040.0,1.63,0.0,1.0,3,1.0,5095
alibaba/arthas,https://github.com/alibaba/arthas.git,31951.0,4.54,47.0,3.0,14,1.0,40329
javaee-samples/javaee7-samples,https://github.com/javaee-samples/javaee7-samples.git,2507.0,9.55,0.0,4.0,4,0.0,18413
learning-zone/java-basics,https://github.com/learning-zone/java-basics.git,1270.0,4.03,0.0,1.0,3,0.0,6404
java8/Java8InAction,https://github.com/java8/Java8InAction.git,3124.0,9.38,0.0,1.0,3,0.0,3724
XU-ZHOU/Java,https://github.com/XU-ZHOU/Java.git,173.0,3.87,0.0,0.0,1,0.0,905
skylot/jadx,https://github.com/skylot/jadx.git,33733.0,9.99,27.0,3.0,21,0.0,103616
Firebasky/Java,https://github.com/Firebasky/Java.git,527.0,2.23,0.0,2.0,2,0.0,2814
17mon/java,https://github.com/17mon/java.git,207.0,8.32,0.0,2.0,1,19.5,319
google/guava,https://github.com/google/guava.git,46996.0,8.8,35.0,2.0,66,0.0,263155
ReactiveX/RxJava,https://github.com/ReactiveX/RxJava.git,46864.0,10.18,231.0,1.0,26,0.0,369970
lenve/JavaEETest,https://github.com/lenve/JavaEETest.git,3256.0,6.25,0.0,3.0,2,0.0,2293
tensorflow/java,https://github.com/tensorflow/java.git,608.0,3.51,8.0,8.0,7,0.0,486331
bottleleung/Java,https://github.com/bottleleung/Java.git,384.0,9.17,0.0,3.0,14,0.0,5716
iluwatar/java-design-patterns,https://github.com/iluwatar/java-design-patterns.git,80290.0,8.6,0.0,3.0,6,0.0,32511
winterbe/java8-tutorial,https://github.com/winterbe/java8-tutorial.git,16204.0,9.0,0.0,1.0,1,0.0,2081
thaycacac/java,https://github.com/thaycacac/java.git,155.0,4.93,0.0,1.0,6,0.0,38743
joeyajames/Java,https://github.com/joeyajames/Java.git,208.0,7.25,0.0,1.0,1,0.0,633
structurizr/java,https://github.com/structurizr/java.git,884.0,8.76,79.0,3.0,5,1.0,15596
sous-chefs/java,https://github.com/sous-chefs/java.git,376.0,11.0,45.0,0.0,1,0.0,18
exercism/java,https://github.com/exercism/java.git,555.0,9.04,0.0,2.0,4,0.0,14821
chenhaoxiang/Java,https://github.com/chenhaoxiang/Java.git,1008.0,6.89,0.0,2.0,6,0.0,8638
json-iterator/java,https://github.com/json-iterator/java.git,1428.0,6.28,4.0,2.0,6,0.0,20758
bjmashibing/java,https://github.com/bjmashibing/java.git,645.0,3.4,0.0,1.0,4,0.0,25340
pubnub/java,https://github.com/pubnub/java.git,584.0,10.06,65.0,5.0,7,0.0,25042
gaopu/Java,https://github.com/gaopu/Java.git,1380.0,8.32,0.0,1.0,6,0.0,3119
hmkcode/Java,https://github.com/hmkcode/Java.git,706.0,9.91,0.0,2.0,2,0.0,1251
HelloWorld521/Java,https://github.com/HelloWorld521/Java.git,2444.0,6.27,0.0,2.0,5,1.0,2697
DuGuQiuBai/Java,https://github.com/DuGuQiuBai/Java.git,10849.0,7.3,0.0,0.0,6,0.0,10966
TheAlgorithms/Java,https://github.com/TheAlgorithms/Java.git,50719.0,6.66,0.0,2.0,4,1.0,28925
